Changes made at Thu Nov 20 10:26:08 UTC 2025
Changes made at Thu Nov 20 12:27:16 UTC 2025
Changes made at Thu Nov 20 14:24:29 UTC 2025
Changes made at Thu Nov 20 16:31:34 UTC 2025
Changes made at Fri Nov 21 08:33:29 UTC 2025
Changes made at Fri Nov 21 10:25:11 UTC 2025
Changes made at Fri Nov 21 14:23:17 UTC 2025
Changes made at Fri Nov 21 16:29:13 UTC 2025
Changes made at Sat Nov 22 08:28:57 UTC 2025
Changes made at Sat Nov 22 10:22:34 UTC 2025
Changes made at Sat Nov 22 14:19:39 UTC 2025
Changes made at Sat Nov 22 16:27:07 UTC 2025
Changes made at Sun Nov 23 08:29:06 UTC 2025
Changes made at Sun Nov 23 10:22:53 UTC 2025
Changes made at Sun Nov 23 14:19:29 UTC 2025
Changes made at Sun Nov 23 16:27:09 UTC 2025
Changes made at Mon Nov 24 08:34:39 UTC 2025
Changes made at Mon Nov 24 10:27:56 UTC 2025
Changes made at Mon Nov 24 14:25:31 UTC 2025
